{"tam": {"aco": {"500-50-3": 0.10555555555555557, "500-50-9": 0.6384444444444444, "500-50-7": 0.4671111111111112, "500-50-4": 0.25755555555555554, "500-50-6": 0.38355555555555554, "500-50-3.5": 0.176, "500-50-5": 0.3417777777777778, "500-50-2.5": 0.05933333333333332, "500-50-1.5": 0.1708888888888889, "500-50-8": 0.5664444444444445, "500-50-10": 0.7602222222222221, "500-50-1": 0.33422222222222225, "500-50-2": 0.060000000000000005}, "gdy": {"500-50-3": 0.07288888888888889, "500-50-9": 0.544888888888889, "500-50-7": 0.4306666666666666, "500-50-4": 0.2288888888888889, "500-50-6": 0.35911111111111116, "500-50-3.5": 0.15844444444444444, "500-50-5": 0.31577777777777777, "500-50-2.5": 0.04622222222222223, "500-50-1.5": 0.20711111111111113, "500-50-8": 0.4928888888888889, "500-50-10": 0.6346666666666666, "500-50-1": 0.3455555555555556, "500-50-2": 0.1011111111111111}}, "dist": {"aco": {"500-50-3": 170.22222222222223, "500-50-9": 340.8888888888889, "500-50-7": 268.55555555555554, "500-50-4": 239.55555555555554, "500-50-6": 220.11111111111111, "500-50-3.5": 180.11111111111111, "500-50-5": 206.55555555555554, "500-50-2.5": 212.55555555555554, "500-50-1.5": 225.77777777777777, "500-50-8": 328.3333333333333, "500-50-10": 400.22222222222223, "500-50-1": 237.55555555555554, "500-50-2": 213.88888888888889}, "gdy": {"500-50-3": 233.55555555555554, "500-50-9": 277.3333333333333, "500-50-7": 224.66666666666666, "500-50-4": 164.66666666666666, "500-50-6": 192.22222222222223, "500-50-3.5": 151.33333333333334, "500-50-5": 173.33333333333334, "500-50-2.5": 188.0, "500-50-1.5": 210.44444444444446, "500-50-8": 254.44444444444446, "500-50-10": 322.8888888888889, "500-50-1": 241.77777777777777, "500-50-2": 183.55555555555554}}}