{"dist": {"aco": {"1000-50-5": 591.6666666666666, "1000-50-2": 428.44444444444446, "1000-50-4": 481.3333333333333, "1000-50-3": 429.44444444444446, "1000-50-1": 469.22222222222223, "1000-50-6": 577.1111111111111}, "gdy": {"1000-50-5": 387.0, "1000-50-2": 394.22222222222223, "1000-50-4": 411.22222222222223, "1000-50-3": 344.0, "1000-50-1": 489.3333333333333, "1000-50-6": 431.3333333333333}}, "tam": {"aco": {"1000-50-5": 0.38822222222222225, "1000-50-2": 0.035555555555555556, "1000-50-4": 0.30411111111111105, "1000-50-3": 0.17533333333333337, "1000-50-1": 0.3168888888888889, "1000-50-6": 0.48300000000000004}, "gdy": {"1000-50-5": 0.33099999999999996, "1000-50-2": 0.07388888888888889, "1000-50-4": 0.24400000000000002, "1000-50-3": 0.11444444444444445, "1000-50-1": 0.3367777777777778, "1000-50-6": 0.42400000000000004}}}