{"dist": {"aco": {"800-50-6": 421.0, "600-50-6": 324.0, "350-50-6": 158.0, "300-50-6": 164.0, "250-50-6": 119.66666666666667, "700-50-6": 352.44444444444446, "500-50-6": 214.22222222222223, "100-30-6": 43.0, "1000-50-6": 577.1111111111111, "400-50-6": 187.11111111111111, "200-50-6": 89.66666666666667, "900-50-6": 515.0}, "gdy": {"800-50-6": 310.44444444444446, "600-50-6": 269.6666666666667, "350-50-6": 130.33333333333334, "300-50-6": 137.33333333333334, "250-50-6": 108.55555555555556, "700-50-6": 246.88888888888889, "500-50-6": 192.22222222222223, "100-30-6": 44.55555555555556, "1000-50-6": 431.3333333333333, "400-50-6": 142.0, "200-50-6": 86.0, "900-50-6": 403.22222222222223}}, "tam": {"aco": {"800-50-6": 0.4302777777777778, "600-50-6": 0.49351851851851847, "350-50-6": 0.3844444444444445, "300-50-6": 0.4540740740740741, "250-50-6": 0.4137777777777778, "700-50-6": 0.3917460317460318, "500-50-6": 0.3888888888888889, "100-30-6": 0.37444444444444447, "1000-50-6": 0.48300000000000004, "400-50-6": 0.3713888888888889, "200-50-6": 0.4061111111111111, "900-50-6": 0.4935802469135803}, "gdy": {"800-50-6": 0.37916666666666665, "600-50-6": 0.44055555555555553, "350-50-6": 0.33999999999999997, "300-50-6": 0.4222222222222223, "250-50-6": 0.3933333333333333, "700-50-6": 0.3387301587301587, "500-50-6": 0.35911111111111116, "100-30-6": 0.3455555555555556, "1000-50-6": 0.42400000000000004, "400-50-6": 0.3452777777777778, "200-50-6": 0.36722222222222217, "900-50-6": 0.4316049382716049}}}