{"tam": {"gdy": {"1000-50-5": 0.4337777777777778}, "aco": {"1000-50-5": 0.9378888888888888}}, "dist": {"gdy": {"1000-50-5": 439.55555555555554}, "aco": {"1000-50-5": 1030.5555555555557}}}