{"dist": {"aco": {"300-60-1": 116.22222222222223, "400-60-1": 170.11111111111111, "100-50-1": 35.666666666666664, "500-60-1": 181.55555555555554, "100-60-1": 23.333333333333332, "200-60-1": 77.66666666666667}, "gdy": {"300-60-1": 110.66666666666667, "400-60-1": 186.55555555555554, "100-50-1": 34.888888888888886, "500-60-1": 206.22222222222223, "100-60-1": 27.666666666666668, "200-60-1": 76.22222222222223}}, "tam": {"aco": {"300-60-1": 0.22703703703703704, "400-60-1": 0.3030555555555556, "100-50-1": 0.26, "500-60-1": 0.24088888888888885, "100-60-1": 0.2288888888888889, "200-60-1": 0.295}, "gdy": {"300-60-1": 0.22703703703703704, "400-60-1": 0.3194444444444444, "100-50-1": 0.26, "500-60-1": 0.24822222222222223, "100-60-1": 0.2288888888888889, "200-60-1": 0.29611111111111105}}}